Name,Region,Type,Set,Cost,FileName,ImageURL
Ice Hyren,Nar,Creature,Nightmare's Dawn,8,icehyren_rc_vs.jpg,https://images.squarespace-cdn.com/content/v1/66f0d369bee947347e4513a0/49a5e206-c15b-4dd6-a7d0-de09b5c87462/nar_ice_hyren.jpg
Liriel's Cape,Paradwyn,Relic,Nightmare's Dawn,0,lirielscape_pr_vs.jpg,https://images.squarespace-cdn.com/content/v1/66f0d369bee947347e4513a0/91ab93ab-16b6-4af2-a4b3-471d12509c30/paradwyn_liriels_cape.jpg
Urigant,Kybar's Teeth,Creature,Nightmare's Dawn,5,kybars_teeth_urigant.jpg,https://images.squarespace-cdn.com/content/v1/66f0d369bee947347e4513a0/ff2fede3-e89b-4fd8-b217-a7b945e9423e/kybars_teeth_urigant.jpg
Urigant,Underneath,Creature,Nightmare's Dawn,5,kybars_teeth_urigant.jpg,https://images.squarespace-cdn.com/content/v1/66f0d369bee947347e4513a0/ff2fede3-e89b-4fd8-b217-a7b945e9423e/kybars_teeth_urigant.jpg
K'teeb Thumper,Naroom,Creature,Nightmare's Dawn,4,naroom_kteeb_thumper.jpg,https://images.squarespace-cdn.com/content/v1/66f0d369bee947347e4513a0/fe19e9f8-5248-47ea-8f20-318256622511/naroom_kteeb_thumper.jpg
K'teeb Thumper,Paradwyn,Creature,Nightmare's Dawn,4,naroom_kteeb_thumper.jpg,https://images.squarespace-cdn.com/content/v1/66f0d369bee947347e4513a0/fe19e9f8-5248-47ea-8f20-318256622511/naroom_kteeb_thumper.jpg
M'lady Iyori,Paradwyn,Magi,Nightmare's Dawn,13,paradwyn_mlady_iyori.jpg,https://images.squarespace-cdn.com/content/v1/66f0d369bee947347e4513a0/fc8ac89d-ae8a-44ae-925b-7d2efa454c1c/paradwyn_mlady_iyori.jpg
M'lady Iyori,Weave,Magi,Nightmare's Dawn,13,paradwyn_mlady_iyori.jpg,https://images.squarespace-cdn.com/content/v1/66f0d369bee947347e4513a0/fc8ac89d-ae8a-44ae-925b-7d2efa454c1c/paradwyn_mlady_iyori.jpg
Spell Pulse,Paradwyn,Spell,Nightmare's Dawn,2,paradwyn_spell_pulse.jpg,https://images.squarespace-cdn.com/content/v1/66f0d369bee947347e4513a0/fc37bd0d-404a-4554-b49b-f5039524758e/paradwyn_spell_pulse.jpg
Nyrex,Paradwyn,Creature,Nightmare's Dawn,8,paradwyn_nyrex.jpg,https://images.squarespace-cdn.com/content/v1/66f0d369bee947347e4513a0/fb5060a3-a6a8-419c-9b06-59ee9250ecdb/paradwyn_nyrex.jpg
Nyrex,Weave,Creature,Nightmare's Dawn,8,paradwyn_nyrex.jpg,https://images.squarespace-cdn.com/content/v1/66f0d369bee947347e4513a0/fb5060a3-a6a8-419c-9b06-59ee9250ecdb/paradwyn_nyrex.jpg
Ruid,Bograth,Creature,Nightmare's Dawn,2,bograth_ruid.jpg,https://images.squarespace-cdn.com/content/v1/66f0d369bee947347e4513a0/fa4b215a-3dc0-407b-8d9a-88cb479c2688/bograth_ruid.jpg
Statement of Core Values,Core,Relic,Nightmare's Dawn,2,core_statement_of_c.jpg,https://images.squarespace-cdn.com/content/v1/66f0d369bee947347e4513a0/f97323ca-b077-4693-a30b-7dda8a99ebd4/core_statement_of_c.jpg
Eryss,Bograth,Magi,Nightmare's Dawn,15,bograth_eryss.jpg,https://images.squarespace-cdn.com/content/v1/66f0d369bee947347e4513a0/f80cd030-710d-40aa-93a0-aff4fa05a754/bograth_eryss.jpg
Eryss,Paradwyn,Magi,Nightmare's Dawn,15,bograth_eryss.jpg,https://images.squarespace-cdn.com/content/v1/66f0d369bee947347e4513a0/f80cd030-710d-40aa-93a0-aff4fa05a754/bograth_eryss.jpg
Kyg'n,Kybar's Teeth,Magi,Nightmare's Dawn,12,kybars_teeth_kygn.jpg,https://images.squarespace-cdn.com/content/v1/66f0d369bee947347e4513a0/f7c1a14a-8ab9-40d9-b118-7a06c8092a49/kybars_teeth_kygn.jpg
Boria,Paradwyn,Magi,Nightmare's Dawn,16,paradwyn_boria.jpg,https://images.squarespace-cdn.com/content/v1/66f0d369bee947347e4513a0/f733a9ae-59d4-429f-ad7c-63bcbbeaeb69/paradwyn_boria.jpg
Yog's Maul,Bograth,Relic,Nightmare's Dawn,0,bograth_yogs_maul.jpg,https://images.squarespace-cdn.com/content/v1/66f0d369bee947347e4513a0/f4c04b1e-363b-41d4-b3a6-15804fbe935a/bograth_yogs_maul.jpg
Vard Stampede,Bograth,Spell,Nightmare's Dawn,2,bograth_vard_stampede.jpg,https://images.squarespace-cdn.com/content/v1/66f0d369bee947347e4513a0/f4712022-fdfd-49d9-9ffd-a5003295588a/bograth_vard_stampede.jpg
Golthub,Bograth,Magi,Nightmare's Dawn,17,bograth_golthub.jpg,https://images.squarespace-cdn.com/content/v1/66f0d369bee947347e4513a0/f357a20a-394f-4923-8266-b93ae5725ae9/bograth_golthub.jpg
Golthub,Core,Magi,Nightmare's Dawn,17,bograth_golthub.jpg,https://images.squarespace-cdn.com/content/v1/66f0d369bee947347e4513a0/f357a20a-394f-4923-8266-b93ae5725ae9/bograth_golthub.jpg
Muck Vinoc,Bograth,Creature,Nightmare's Dawn,2,bograth_muck_vinoc.jpg,https://images.squarespace-cdn.com/content/v1/66f0d369bee947347e4513a0/f16b076d-23c8-4596-b75c-a62e293bd23e/bograth_muck_vinoc.jpg
Greater Gargagnor,Kybar's Teeth,Creature,Nightmare's Dawn,10,kybars_teeth_greater.jpg,https://images.squarespace-cdn.com/content/v1/66f0d369bee947347e4513a0/f030ba44-106e-444f-a75c-b19bdc75bf8d/kybars_teeth_greater.jpg
Korg's Poetry,Bograth,Relic,Nightmare's Dawn,2,bograth_korgs_poetry.jpg,https://images.squarespace-cdn.com/content/v1/66f0d369bee947347e4513a0/f025909b-90d6-44c0-9e77-5aeba2aa9341/bograth_korgs_poetry.jpg
Sikra,d'Resh,Creature,Nightmare's Dawn,6,dresh_sikra.jpg,https://images.squarespace-cdn.com/content/v1/66f0d369bee947347e4513a0/effff2ec-9154-43ab-863c-328080a27f5b/dresh_sikra.jpg
Sikra,Underneath,Creature,Nightmare's Dawn,6,dresh_sikra.jpg,https://images.squarespace-cdn.com/content/v1/66f0d369bee947347e4513a0/effff2ec-9154-43ab-863c-328080a27f5b/dresh_sikra.jpg
Barak the Red,Cald,Magi,Nightmare's Dawn,17,cald_barak_the_red.jpg,https://images.squarespace-cdn.com/content/v1/66f0d369bee947347e4513a0/efbf00d0-e57b-4e69-bbab-913bd5eb6ba5/cald_barak_the_red.jpg
Togoth,Core,Magi,Nightmare's Dawn,15,core_togoth.jpg,https://images.squarespace-cdn.com/content/v1/66f0d369bee947347e4513a0/ef8e3af9-4e6d-4542-b3ba-db62e25643d1/core_togoth.jpg
Vine Hyren,Paradwyn,Creature,Nightmare's Dawn,7,paradwyn_vine_hyren.jpg,https://images.squarespace-cdn.com/content/v1/66f0d369bee947347e4513a0/eeeedf13-2a7c-4046-bb73-2728b7bf52ff/paradwyn_vine_hyren.jpg
Crushing Stones,Kybar's Teeth,Spell,Nightmare's Dawn,4,kybars_teeth_crushing_stones.jpg,https://images.squarespace-cdn.com/content/v1/66f0d369bee947347e4513a0/eb230318-e9d5-4c12-9fa1-b9919ba06712/kybars_teeth_crushing_stones.jpg
Jungle Jile,Paradwyn,Creature,Nightmare's Dawn,4,paradwyn_jungle_jile.jpg,https://images.squarespace-cdn.com/content/v1/66f0d369bee947347e4513a0/eb00e5f2-0005-446f-a612-b7b0a67ff3ee/paradwyn_jungle_jile.jpg
Spirit Drain,Bograth,Spell,Nightmare's Dawn,3,bograth_spirit_drain.jpg,https://images.squarespace-cdn.com/content/v1/66f0d369bee947347e4513a0/e9d3eee0-cfe3-4126-b58b-60c14e39bb24/bograth_spirit_drain.jpg
Spirit Drain,Paradwyn,Spell,Nightmare's Dawn,3,bograth_spirit_drain.jpg,https://images.squarespace-cdn.com/content/v1/66f0d369bee947347e4513a0/e9d3eee0-cfe3-4126-b58b-60c14e39bb24/bograth_spirit_drain.jpg
Ominous Chill,Bograth,Spell,Nightmare's Dawn,2,bograth_ominous_chill.jpg,https://images.squarespace-cdn.com/content/v1/66f0d369bee947347e4513a0/e97079e8-baf1-4780-a2c5-3d0bfb0917c3/bograth_ominous_chill.jpg
Ominous Chill,Nar,Spell,Nightmare's Dawn,2,bograth_ominous_chill.jpg,https://images.squarespace-cdn.com/content/v1/66f0d369bee947347e4513a0/e97079e8-baf1-4780-a2c5-3d0bfb0917c3/bograth_ominous_chill.jpg
Rockslide Hyren,Kybar's Teeth,Creature,Nightmare's Dawn,7,kybars_teeth_rockslide.jpg,https://images.squarespace-cdn.com/content/v1/66f0d369bee947347e4513a0/e7fe3620-e7a7-49ae-8610-702414b57eda/kybars_teeth_rockslide.jpg
Rayje,Universal,Magi,Nightmare's Dawn,15,universal_rayje.jpg,https://images.squarespace-cdn.com/content/v1/66f0d369bee947347e4513a0/e7185655-be9c-4195-8e1a-15be60c123e0/universal_rayje.jpg
Crushing Fungus,Underneath,Spell,Nightmare's Dawn,4,underneath_crushing_fungus.jpg,https://images.squarespace-cdn.com/content/v1/66f0d369bee947347e4513a0/e501935f-ab50-4030-bb93-14dd51ec59ec/underneath_crushing_fungus.jpg
Kybar's Fang,Kybar's Teeth,Relic,Nightmare's Dawn,8,kybars_teeth_kybars_fang.jpg,https://images.squarespace-cdn.com/content/v1/66f0d369bee947347e4513a0/e3f1a06d-8cf0-4093-9d82-b66d16a466ab/kybars_teeth_kybars_fang.jpg
Radiant Spring,Paradwyn,Spell,Nightmare's Dawn,1,paradwyn_radiant_spring.jpg,https://images.squarespace-cdn.com/content/v1/66f0d369bee947347e4513a0/e3003f9b-4d29-425a-ab76-a49b7eec2521/paradwyn_radiant_spring.jpg
Ainjer,Bograth,Creature,Nightmare's Dawn,1,bograth_ainjer.jpg,https://images.squarespace-cdn.com/content/v1/66f0d369bee947347e4513a0/e2272bb5-5f5c-40cc-862e-8a251cf4616f/bograth_ainjer.jpg
Bubble Xyx,Arderial,Creature,Nightmare's Dawn,3,arderial_bubble_xyx.jpg,https://images.squarespace-cdn.com/content/v1/66f0d369bee947347e4513a0/e1b24ef0-f0a8-4740-a691-2ef9b6b40578/arderial_bubble_xyx.jpg
Bubble Xyx,Orothe,Creature,Nightmare's Dawn,3,arderial_bubble_xyx.jpg,https://images.squarespace-cdn.com/content/v1/66f0d369bee947347e4513a0/e1b24ef0-f0a8-4740-a691-2ef9b6b40578/arderial_bubble_xyx.jpg
Dewstone,Kybar's Teeth,Relic,Nightmare's Dawn,2,kybars_teeth_dewstone.jpg,https://images.squarespace-cdn.com/content/v1/66f0d369bee947347e4513a0/e121583c-8900-423f-9cef-87d01d3215f5/kybars_teeth_dewstone.jpg
Dewstone,Paradwyn,Relic,Nightmare's Dawn,2,kybars_teeth_dewstone.jpg,https://images.squarespace-cdn.com/content/v1/66f0d369bee947347e4513a0/e121583c-8900-423f-9cef-87d01d3215f5/kybars_teeth_dewstone.jpg
Aerial Flist,Arderial,Creature,Nightmare's Dawn,3,arderial_aerial_flist.jpg,https://images.squarespace-cdn.com/content/v1/66f0d369bee947347e4513a0/de68db7b-62fe-48fd-b087-a179b49dfd38/arderial_aerial_flist.jpg
Aerial Flist,Paradwyn,Creature,Nightmare's Dawn,3,arderial_aerial_flist.jpg,https://images.squarespace-cdn.com/content/v1/66f0d369bee947347e4513a0/de68db7b-62fe-48fd-b087-a179b49dfd38/arderial_aerial_flist.jpg
Scyalla,Weave,Magi,Nightmare's Dawn,12,weave_scyalla.jpg,https://images.squarespace-cdn.com/content/v1/66f0d369bee947347e4513a0/ddc1b033-edf2-457f-9fea-4d5476e3245c/weave_scyalla.jpg
Kier,Kybar's Teeth,Creature,Nightmare's Dawn,7,kybars_teeth_kier.jpg,https://images.squarespace-cdn.com/content/v1/66f0d369bee947347e4513a0/ddae3eba-3a3b-4a13-81a0-36a830756cda/kybars_teeth_kier.jpg
Kier,Underneath,Creature,Nightmare's Dawn,7,kybars_teeth_kier.jpg,https://images.squarespace-cdn.com/content/v1/66f0d369bee947347e4513a0/ddae3eba-3a3b-4a13-81a0-36a830756cda/kybars_teeth_kier.jpg
Heart of the Sky,Arderial,Relic,Nightmare's Dawn,1,arderial_heart_of_the_sky.jpg,https://images.squarespace-cdn.com/content/v1/66f0d369bee947347e4513a0/dc4df8e7-adb7-44b4-90e4-9abc8094dff8/arderial_heart_of_the_sky.jpg
Ballistic Baldar,Arderial,Creature,Nightmare's Dawn,6,arderial_ballistic_baldar.jpg,https://images.squarespace-cdn.com/content/v1/66f0d369bee947347e4513a0/db8af1f7-7f02-4456-b2cd-c1db1efa79a8/arderial_ballistic_baldar.jpg
Ballistic Baldar,Kybar's Teeth,Creature,Nightmare's Dawn,6,arderial_ballistic_baldar.jpg,https://images.squarespace-cdn.com/content/v1/66f0d369bee947347e4513a0/db8af1f7-7f02-4456-b2cd-c1db1efa79a8/arderial_ballistic_baldar.jpg
Mist Hyren,Bograth,Creature,Nightmare's Dawn,15,bograth_mist_hyren.jpg,https://images.squarespace-cdn.com/content/v1/66f0d369bee947347e4513a0/db806ec6-7da3-493a-bc1f-df120e72462b/bograth_mist_hyren.jpg
Ninx,Paradwyn,Magi,Nightmare's Dawn,12,paradwyn_ninx.jpg,https://images.squarespace-cdn.com/content/v1/66f0d369bee947347e4513a0/da31d246-0264-4a6b-938e-57b29cbde3c3/paradwyn_ninx.jpg
Ninx,Weave,Magi,Nightmare's Dawn,12,paradwyn_ninx.jpg,https://images.squarespace-cdn.com/content/v1/66f0d369bee947347e4513a0/da31d246-0264-4a6b-938e-57b29cbde3c3/paradwyn_ninx.jpg
Elder Yark,Arderial,Creature,Nightmare's Dawn,7,arderial_elder_yark.jpg,https://images.squarespace-cdn.com/content/v1/66f0d369bee947347e4513a0/d548aca4-c0f7-4908-9712-0be318b81df7/arderial_elder_yark.jpg
Elder Yark,Kybar's Teeth,Creature,Nightmare's Dawn,7,arderial_elder_yark.jpg,https://images.squarespace-cdn.com/content/v1/66f0d369bee947347e4513a0/d548aca4-c0f7-4908-9712-0be318b81df7/arderial_elder_yark.jpg
Gate to Ombor,Underneath,Relic,Nightmare's Dawn,6,underneath_gate_to_ombor.jpg,https://images.squarespace-cdn.com/content/v1/66f0d369bee947347e4513a0/d4e637bb-9e82-4e56-a156-8ab85f47a321/underneath_gate_to_ombor.jpg
Heal,Universal,Spell,Nightmare's Dawn,4,universal_heal.jpg,https://images.squarespace-cdn.com/content/v1/66f0d369bee947347e4513a0/d4c3a9de-3a18-48a6-9684-a90512a59bc8/universal_heal.jpg
Arosa,Orothe,Magi,Nightmare's Dawn,12,orothe_arosa.jpg,https://images.squarespace-cdn.com/content/v1/66f0d369bee947347e4513a0/d495f973-0485-4d75-8bdd-8963381da41a/orothe_arosa.jpg
Gyrg,Underneath,Magi,Nightmare's Dawn,10,underneath_gyrg.jpg,https://images.squarespace-cdn.com/content/v1/66f0d369bee947347e4513a0/d435396d-b633-4a85-83ae-4594128d57c7/underneath_gyrg.jpg
Striped Korrit,Underneath,Creature,Nightmare's Dawn,4,underneath_striped_korrit.jpg,https://images.squarespace-cdn.com/content/v1/66f0d369bee947347e4513a0/d156a68d-c413-4ed6-ac59-a69d03978d69/underneath_striped_korrit.jpg
Striped Korrit,Weave,Creature,Nightmare's Dawn,4,underneath_striped_korrit.jpg,https://images.squarespace-cdn.com/content/v1/66f0d369bee947347e4513a0/d156a68d-c413-4ed6-ac59-a69d03978d69/underneath_striped_korrit.jpg
T'lok,Kybar's Teeth,Magi,Nightmare's Dawn,16,kybars_teeth_tlok.jpg,https://images.squarespace-cdn.com/content/v1/66f0d369bee947347e4513a0/d08861ef-e5dd-43ab-8b77-11f73dc366bc/kybars_teeth_tlok.jpg
Gwaeg,Bograth,Creature,Nightmare's Dawn,1,bograth_gwaeg.jpg,https://images.squarespace-cdn.com/content/v1/66f0d369bee947347e4513a0/cfb7bf4f-cb5b-42fa-86a6-68f7942d6a9d/bograth_gwaeg.jpg
Gwaeg,Core,Creature,Nightmare's Dawn,1,bograth_gwaeg.jpg,https://images.squarespace-cdn.com/content/v1/66f0d369bee947347e4513a0/cfb7bf4f-cb5b-42fa-86a6-68f7942d6a9d/bograth_gwaeg.jpg
Crushing Winds,Arderial,Spell,Nightmare's Dawn,4,arderial_crushing_winds.jpg,https://images.squarespace-cdn.com/content/v1/66f0d369bee947347e4513a0/cf9898b2-5ad6-4988-b950-f26edded014c/arderial_crushing_winds.jpg
Ambush,Paradwyn,Spell,Nightmare's Dawn,4,paradwyn_ambush.jpg,https://images.squarespace-cdn.com/content/v1/66f0d369bee947347e4513a0/ca5028f2-482a-42e7-9673-6242372d05b8/paradwyn_ambush.jpg
Akkar,Kybar's Teeth,Creature,Nightmare's Dawn,6,kybars_teeth_akkar.jpg,https://images.squarespace-cdn.com/content/v1/66f0d369bee947347e4513a0/c8f11607-5048-49c2-9c94-489be16bf5c8/kybars_teeth_akkar.jpg
Akkar,Underneath,Creature,Nightmare's Dawn,6,kybars_teeth_akkar.jpg,https://images.squarespace-cdn.com/content/v1/66f0d369bee947347e4513a0/c8f11607-5048-49c2-9c94-489be16bf5c8/kybars_teeth_akkar.jpg
Muggum,Bograth,Creature,Nightmare's Dawn,1,bograth_muggum.jpg,https://images.squarespace-cdn.com/content/v1/66f0d369bee947347e4513a0/c6f9d1d4-b4c3-43b4-9c57-e050e8fd09ef/bograth_muggum.jpg
Muggum,Underneath,Creature,Nightmare's Dawn,1,bograth_muggum.jpg,https://images.squarespace-cdn.com/content/v1/66f0d369bee947347e4513a0/c6f9d1d4-b4c3-43b4-9c57-e050e8fd09ef/bograth_muggum.jpg
Moss Pendant,Bograth,Relic,Nightmare's Dawn,1,bograth_moss_pendant.jpg,https://images.squarespace-cdn.com/content/v1/66f0d369bee947347e4513a0/c68d18ce-58cf-4252-aaec-08dd5bbed7db/bograth_moss_pendant.jpg
Stalker's Boots,Paradwyn,Relic,Nightmare's Dawn,0,paradwyn_stalkers_boots.jpg,https://images.squarespace-cdn.com/content/v1/66f0d369bee947347e4513a0/c418bd8e-a461-4230-9c8f-cea57c256e83/paradwyn_stalkers_boots.jpg
Crown of Grath,Bograth,Relic,Nightmare's Dawn,0,bograth_crown_of_grath.jpg,https://images.squarespace-cdn.com/content/v1/66f0d369bee947347e4513a0/c19f44ba-bbfe-446d-b19d-e4f130405cca/bograth_crown_of_grath.jpg
Bagala Hunter,Paradwyn,Creature,Nightmare's Dawn,7,paradwyn_bagala_hunter.jpg,https://images.squarespace-cdn.com/content/v1/66f0d369bee947347e4513a0/c110f4a4-55c9-424d-aab6-c36fa450d8c6/paradwyn_bagala_hunter.jpg
Bazha,Paradwyn,Magi,Nightmare's Dawn,12,paradwyn_bazha.jpg,https://images.squarespace-cdn.com/content/v1/66f0d369bee947347e4513a0/c0cb1277-4e2f-490f-b6c0-1c1a1165efc0/paradwyn_bazha.jpg
Yricho's Staff,Paradwyn,Relic,Nightmare's Dawn,0,paradwyn_yrichos_staff.jpg,https://images.squarespace-cdn.com/content/v1/66f0d369bee947347e4513a0/c057bf91-0e34-447f-8c94-d64f62ec84d1/paradwyn_yrichos_staff.jpg
Mydra,Bograth,Creature,Nightmare's Dawn,4,bograth_mydra.jpg,https://images.squarespace-cdn.com/content/v1/66f0d369bee947347e4513a0/be44cdc4-6419-4ee7-afd7-14d73d9d2a43/bograth_mydra.jpg
Mydra,Paradwyn,Creature,Nightmare's Dawn,4,bograth_mydra.jpg,https://images.squarespace-cdn.com/content/v1/66f0d369bee947347e4513a0/be44cdc4-6419-4ee7-afd7-14d73d9d2a43/bograth_mydra.jpg
Moob Ring,Bograth,Relic,Nightmare's Dawn,0,bograth_moob_ring.jpg,https://images.squarespace-cdn.com/content/v1/66f0d369bee947347e4513a0/be106b9d-995b-4457-9322-a653b8dfe64f/bograth_moob_ring.jpg
Baa,Bograth,Magi,Nightmare's Dawn,12,bograth_baa.jpg,https://images.squarespace-cdn.com/content/v1/66f0d369bee947347e4513a0/bd3a816f-9279-4f12-91d6-57d327e73395/bograth_baa.jpg
Rala,Paradwyn,Creature,Nightmare's Dawn,4,paradwyn_rala.jpg,https://images.squarespace-cdn.com/content/v1/66f0d369bee947347e4513a0/bcdd204b-3c1d-49e9-be5b-1f7545d57fc1/paradwyn_rala.jpg
K'teeb,Naroom,Creature,Nightmare's Dawn,6,naroom_kteeb.jpg,https://images.squarespace-cdn.com/content/v1/66f0d369bee947347e4513a0/bc7346c3-776c-473a-8eb2-b35a7b9bb58b/naroom_kteeb.jpg
K'teeb,Paradwyn,Creature,Nightmare's Dawn,6,naroom_kteeb.jpg,https://images.squarespace-cdn.com/content/v1/66f0d369bee947347e4513a0/bc7346c3-776c-473a-8eb2-b35a7b9bb58b/naroom_kteeb.jpg
d'Jarvish,d'Resh,Magi,Nightmare's Dawn,14,dresh_djarvish.jpg,https://images.squarespace-cdn.com/content/v1/66f0d369bee947347e4513a0/bc1ddc3f-bb5b-42c5-ae4c-6d12495fcba9/dresh_djarvish.jpg
d'Jarvish,Underneath,Magi,Nightmare's Dawn,14,dresh_djarvish.jpg,https://images.squarespace-cdn.com/content/v1/66f0d369bee947347e4513a0/bc1ddc3f-bb5b-42c5-ae4c-6d12495fcba9/dresh_djarvish.jpg
Mirago,Bograth,Creature,Nightmare's Dawn,2,bograth_mirago.jpg,https://images.squarespace-cdn.com/content/v1/66f0d369bee947347e4513a0/b743d60a-8fac-4c84-9314-95afbfb367bb/bograth_mirago.jpg
Mirago,d'Resh,Creature,Nightmare's Dawn,2,bograth_mirago.jpg,https://images.squarespace-cdn.com/content/v1/66f0d369bee947347e4513a0/b743d60a-8fac-4c84-9314-95afbfb367bb/bograth_mirago.jpg
Staff of Vines,Paradwyn,Relic,Nightmare's Dawn,0,paradwyn_staff_of_vines.jpg,https://images.squarespace-cdn.com/content/v1/66f0d369bee947347e4513a0/b72737fc-5106-4e8d-9f0c-cf1b64593120/paradwyn_staff_of_vines.jpg
Makoor,Bograth,Creature,Nightmare's Dawn,1,bograth_makoor.jpg,https://images.squarespace-cdn.com/content/v1/66f0d369bee947347e4513a0/b6adcf13-c607-435f-a01e-6d6656e2be40/bograth_makoor.jpg
Iain,Paradwyn,Magi,Nightmare's Dawn,12,paradwyn_iain.jpg,https://images.squarespace-cdn.com/content/v1/66f0d369bee947347e4513a0/b6759c53-a131-45cc-9662-6d1171d99850/paradwyn_iain.jpg
Scout Bungaloo,Naroom,Creature,Nightmare's Dawn,3,naroom_scout_bungaloo.jpg,https://images.squarespace-cdn.com/content/v1/66f0d369bee947347e4513a0/b4581adc-1a9c-436e-8102-e3c917d17ea8/naroom_scout_bungaloo.jpg
Scout Bungaloo,Weave,Creature,Nightmare's Dawn,3,naroom_scout_bungaloo.jpg,https://images.squarespace-cdn.com/content/v1/66f0d369bee947347e4513a0/b4581adc-1a9c-436e-8102-e3c917d17ea8/naroom_scout_bungaloo.jpg
Phlouk,Bograth,Magi,Nightmare's Dawn,12,bograth_phlouk.jpg,https://images.squarespace-cdn.com/content/v1/66f0d369bee947347e4513a0/b457f3e3-82c3-4d10-b734-95ed4d1fcdb5/bograth_phlouk.jpg
Moss Quido,Bograth,Creature,Nightmare's Dawn,3,bograth_moss_quido.jpg,https://images.squarespace-cdn.com/content/v1/66f0d369bee947347e4513a0/b45726f1-8d10-473f-b719-1b49321e3dc0/bograth_moss_quido.jpg
Sandswirl,Arderial,Spell,Nightmare's Dawn,X,arderial_sandswirl.jpg,https://images.squarespace-cdn.com/content/v1/66f0d369bee947347e4513a0/b3c2dbbe-0642-4ba5-a729-a9fd792670a9/arderial_sandswirl.jpg
Sandswirl,d'Resh,Spell,Nightmare's Dawn,X,arderial_sandswirl.jpg,https://images.squarespace-cdn.com/content/v1/66f0d369bee947347e4513a0/b3c2dbbe-0642-4ba5-a729-a9fd792670a9/arderial_sandswirl.jpg
Robe of Petals,Paradwyn,Relic,Nightmare's Dawn,0,paradwyn_robe_of_petals.jpg,https://images.squarespace-cdn.com/content/v1/66f0d369bee947347e4513a0/b285ed13-f3d6-40a6-a404-ce8a3c722189/paradwyn_robe_of_petals.jpg
Swamp Weebo,Bograth,Creature,Nightmare's Dawn,2,bograth_swamp_weebo.jpg,https://images.squarespace-cdn.com/content/v1/66f0d369bee947347e4513a0/ab72c02e-c662-4612-be15-92a015580ca5/bograth_swamp_weebo.jpg
Voice of the Storm,Arderial,Magi,Nightmare's Dawn,13,arderial_orothea_voice_of_the_storm.jpg,https://images.squarespace-cdn.com/content/v1/66f0d369bee947347e4513a0/aadd6e6f-3169-47fe-8f32-8ac9362e899b/arderial_orothea_voice_of_the_storm.jpg
Raveled Drush,Core,Creature,Nightmare's Dawn,4,core_raveled_drush.jpg,https://images.squarespace-cdn.com/content/v1/66f0d369bee947347e4513a0/aaba1db0-1f60-4b1d-865a-f14755aa7b9b/core_raveled_drush.jpg
Tropical Rain,Paradwyn,Spell,Nightmare's Dawn,2,paradwyn_tropical_rain.jpg,https://images.squarespace-cdn.com/content/v1/66f0d369bee947347e4513a0/a86944df-be19-42fb-8460-f30650397a83/paradwyn_tropical_rain.jpg
Granas,Cald,Creature,Nightmare's Dawn,5,cald_granas.jpg,https://images.squarespace-cdn.com/content/v1/66f0d369bee947347e4513a0/a7ccf1b1-455b-4a00-8699-633971e3530f/cald_granas.jpg
Granas,Underneath,Creature,Nightmare's Dawn,5,cald_granas.jpg,https://images.squarespace-cdn.com/content/v1/66f0d369bee947347e4513a0/a7ccf1b1-455b-4a00-8699-633971e3530f/cald_granas.jpg
Salafy,Naroom,Magi,Nightmare's Dawn,10,naroom_salafy.jpg,https://images.squarespace-cdn.com/content/v1/66f0d369bee947347e4513a0/a7310ccb-5203-4639-98bc-9faec52d2658/naroom_salafy.jpg
Jile,Bograth,Creature,Nightmare's Dawn,3,bograth_jile.jpg,https://images.squarespace-cdn.com/content/v1/66f0d369bee947347e4513a0/a64cb99a-e231-4bbe-a99f-6b29883fc3a0/bograth_jile.jpg
Culla,Paradwyn,Magi,Nightmare's Dawn,16,paradwyn_culla.jpg,https://images.squarespace-cdn.com/content/v1/66f0d369bee947347e4513a0/a3da0e5f-83fe-4fcf-b78a-d3239fcb995f/paradwyn_culla.jpg
K'ly,Paradwyn,Creature,Nightmare's Dawn,5,paradwyn_kly.jpg,https://images.squarespace-cdn.com/content/v1/66f0d369bee947347e4513a0/9ef265f3-2948-43c0-aad7-dd2ce4c89315/paradwyn_kly.jpg
Hardshell Weebo,Paradwyn,Creature,Nightmare's Dawn,1,paradwyn_hardshell_weebo.jpg,https://images.squarespace-cdn.com/content/v1/66f0d369bee947347e4513a0/9ebe971e-f566-406e-8baf-f74e7933f291/paradwyn_hardshell_weebo.jpg
Karkik,Cald,Creature,Nightmare's Dawn,6,cald_karkik.jpg,https://images.squarespace-cdn.com/content/v1/66f0d369bee947347e4513a0/9e5ba922-d00a-4050-8c1b-89e8edc3290f/cald_karkik.jpg
Karkik,Kybar's Teeth,Creature,Nightmare's Dawn,6,cald_karkik.jpg,https://images.squarespace-cdn.com/content/v1/66f0d369bee947347e4513a0/9e5ba922-d00a-4050-8c1b-89e8edc3290f/cald_karkik.jpg
Shaper's Apprentice,Kybar's Teeth,Magi,Nightmare's Dawn,12,kybars_teeth_shapers.jpg,https://images.squarespace-cdn.com/content/v1/66f0d369bee947347e4513a0/9d98b53c-ec3a-4acb-8a90-1a95060cb01b/kybars_teeth_shapers.jpg
Boomstick,Cald,Relic,Nightmare's Dawn,0,cald_boomstick.jpg,https://images.squarespace-cdn.com/content/v1/66f0d369bee947347e4513a0/9d86fb73-3b1d-4191-8864-606ccb82fa8d/cald_boomstick.jpg
Sarazen Outcast,Bograth,Creature,Nightmare's Dawn,3,bograth_sarazen_outcast.jpg,https://images.squarespace-cdn.com/content/v1/66f0d369bee947347e4513a0/9d5137b6-ac8d-414f-b60c-2aa3f2343212/bograth_sarazen_outcast.jpg
Flourish,Paradwyn,Spell,Nightmare's Dawn,3,paradwyn_flourish.jpg,https://images.squarespace-cdn.com/content/v1/66f0d369bee947347e4513a0/98af7247-2d91-4ef8-a8e2-1ba72354f224/paradwyn_flourish.jpg
River Abaquist,Orothe,Creature,Nightmare's Dawn,3,orothe_river_abaquist.jpg,https://images.squarespace-cdn.com/content/v1/66f0d369bee947347e4513a0/98359656-82d8-49cd-987b-ce982961109b/orothe_river_abaquist.jpg
River Abaquist,Paradwyn,Creature,Nightmare's Dawn,3,orothe_river_abaquist.jpg,https://images.squarespace-cdn.com/content/v1/66f0d369bee947347e4513a0/98359656-82d8-49cd-987b-ce982961109b/orothe_river_abaquist.jpg
Deadwood Staff,Bograth,Relic,Nightmare's Dawn,0,bograth_deadwood_staff.jpg,https://images.squarespace-cdn.com/content/v1/66f0d369bee947347e4513a0/96999280-971b-4b1f-888e-2ed05b325874/bograth_deadwood_staff.jpg
Ritual Spear,Kybar's Teeth,Relic,Nightmare's Dawn,2,kybars_teeth_ritual_spear.jpg,https://images.squarespace-cdn.com/content/v1/66f0d369bee947347e4513a0/9668a139-249b-441d-b587-ad9e471c368d/kybars_teeth_ritual_spear.jpg
Ritual Spear,Weave,Relic,Nightmare's Dawn,2,kybars_teeth_ritual_spear.jpg,https://images.squarespace-cdn.com/content/v1/66f0d369bee947347e4513a0/9668a139-249b-441d-b587-ad9e471c368d/kybars_teeth_ritual_spear.jpg
The Last Words,Cald,Relic,Nightmare's Dawn,2,cald_the_last_words.jpg,https://images.squarespace-cdn.com/content/v1/66f0d369bee947347e4513a0/94f999c0-ba4d-446e-b5f5-74475c528672/cald_the_last_words.jpg
The Last Words,Orothe,Relic,Nightmare's Dawn,2,cald_the_last_words.jpg,https://images.squarespace-cdn.com/content/v1/66f0d369bee947347e4513a0/94f999c0-ba4d-446e-b5f5-74475c528672/cald_the_last_words.jpg
Trulb Horde,Bograth,Spell,Nightmare's Dawn,1,bograth_trulb_horde.jpg,https://images.squarespace-cdn.com/content/v1/66f0d369bee947347e4513a0/93717daa-1e94-4e15-8a67-8dec10280a9c/bograth_trulb_horde.jpg
Ghazran,Paradwyn,Creature,Nightmare's Dawn,10,paradwyn_ghazran.jpg,https://images.squarespace-cdn.com/content/v1/66f0d369bee947347e4513a0/92e6f7ca-28c7-4175-a376-3e3b826a1beb/paradwyn_ghazran.jpg
Lahalou,Paradwyn,Creature,Nightmare's Dawn,2,paradwyn_lahalou.jpg,https://images.squarespace-cdn.com/content/v1/66f0d369bee947347e4513a0/9120d7c6-933c-4f8a-b5c2-c6156005e81b/paradwyn_lahalou.jpg
Magor,Paradwyn,Creature,Nightmare's Dawn,6,paradwyn_magor.jpg,https://images.squarespace-cdn.com/content/v1/66f0d369bee947347e4513a0/9084faeb-4397-4004-a563-9c643d260b08/paradwyn_magor.jpg
Crushing Vines,Paradwyn,Spell,Nightmare's Dawn,4,paradwyn_crushing_vines.jpg,https://images.squarespace-cdn.com/content/v1/66f0d369bee947347e4513a0/8db1a593-4127-4f2c-b7ab-27e237bf5374/paradwyn_crushing_vines.jpg
Fog Hyren,Bograth,Creature,Nightmare's Dawn,6,bograth_fog_hyren.jpg,https://images.squarespace-cdn.com/content/v1/66f0d369bee947347e4513a0/88cc368f-68db-41ce-a5bc-5c923ed7919a/bograth_fog_hyren.jpg
Fog Hyren,Paradwyn,Creature,Nightmare's Dawn,6,bograth_fog_hyren.jpg,https://images.squarespace-cdn.com/content/v1/66f0d369bee947347e4513a0/88cc368f-68db-41ce-a5bc-5c923ed7919a/bograth_fog_hyren.jpg
Bog Stench,Bograth,Spell,Nightmare's Dawn,1,bograth_bog_stench.jpg,https://images.squarespace-cdn.com/content/v1/66f0d369bee947347e4513a0/88800217-2d78-4053-8cfe-cce362bf766b/bograth_bog_stench.jpg
Warrada's Ring,Core,Relic,Nightmare's Dawn,0,core_warradas_ring.jpg,https://images.squarespace-cdn.com/content/v1/66f0d369bee947347e4513a0/87115be2-644c-4ce5-ab98-58e8226e018b/core_warradas_ring.jpg
Tunnel Parmalag,Underneath,Creature,Nightmare's Dawn,8,underneath_tunnel.jpg,https://images.squarespace-cdn.com/content/v1/66f0d369bee947347e4513a0/86b3cff4-1ae1-4168-9173-01f9a7e6e999/underneath_tunnel.jpg
Darkness,Bograth,Spell,Nightmare's Dawn,7,bograth_darkness.jpg,https://images.squarespace-cdn.com/content/v1/66f0d369bee947347e4513a0/86286ce6-151e-4e33-b7be-d688d4b8d80f/bograth_darkness.jpg
Wiep,Bograth,Magi,Nightmare's Dawn,15,bograth_wiep.jpg,https://images.squarespace-cdn.com/content/v1/66f0d369bee947347e4513a0/858d0b46-17ad-436f-abc0-feb7a206f949/bograth_wiep.jpg
Gremble,Bograth,Creature,Nightmare's Dawn,2,bograth_gremble.jpg,https://images.squarespace-cdn.com/content/v1/66f0d369bee947347e4513a0/8461c109-ef70-4c47-a3db-88270d217425/bograth_gremble.jpg
Gremble,Paradwyn,Creature,Nightmare's Dawn,2,bograth_gremble.jpg,https://images.squarespace-cdn.com/content/v1/66f0d369bee947347e4513a0/8461c109-ef70-4c47-a3db-88270d217425/bograth_gremble.jpg
Awakening,Core,Spell,Nightmare's Dawn,1,core_awakening.jpg,https://images.squarespace-cdn.com/content/v1/66f0d369bee947347e4513a0/845c2553-16d4-4181-a299-5f9be8e0b4d9/core_awakening.jpg
Frenzy,Bograth,Spell,Nightmare's Dawn,3,bograth_frenzy.jpg,https://images.squarespace-cdn.com/content/v1/66f0d369bee947347e4513a0/80680d40-6e03-4991-9360-401ea00260bb/bograth_frenzy.jpg
Crushing Heat,Cald,Spell,Nightmare's Dawn,4,cald_crushing_heat.jpg,https://images.squarespace-cdn.com/content/v1/66f0d369bee947347e4513a0/8005adb0-2ba8-4312-b722-dc810e749f5a/cald_crushing_heat.jpg
Firefly Amulet,Cald,Relic,Nightmare's Dawn,1,cald_firefly_amulet.jpg,https://images.squarespace-cdn.com/content/v1/66f0d369bee947347e4513a0/7ef3934d-336a-4735-826f-52fc7615beaa/cald_firefly_amulet.jpg
Weed Hyren,Paradwyn,Creature,Nightmare's Dawn,6,paradwyn_weed_hyren.jpg,https://images.squarespace-cdn.com/content/v1/66f0d369bee947347e4513a0/7d90a360-8e1d-47aa-bc58-746ad7f5fc92/paradwyn_weed_hyren.jpg
Weed Hyren,Weave,Creature,Nightmare's Dawn,6,paradwyn_weed_hyren.jpg,https://images.squarespace-cdn.com/content/v1/66f0d369bee947347e4513a0/7d90a360-8e1d-47aa-bc58-746ad7f5fc92/paradwyn_weed_hyren.jpg
Pyder,Bograth,Creature,Nightmare's Dawn,1,bograth_pyder.jpg,https://images.squarespace-cdn.com/content/v1/66f0d369bee947347e4513a0/7b6b531a-6e5d-4472-9070-054f36871af1/bograth_pyder.jpg
Green Stuff,Bograth,Creature,Nightmare's Dawn,0,bograth_green_stuff.jpg,https://images.squarespace-cdn.com/content/v1/66f0d369bee947347e4513a0/74ef4c49-96ac-4662-b010-9bb8b9ac0499/bograth_green_stuff.jpg
Lady of the Sky,Arderial,Magi,Nightmare's Dawn,16,arderial_lady_of_the_sky.jpg,https://images.squarespace-cdn.com/content/v1/66f0d369bee947347e4513a0/73c578f6-b700-48ce-9695-45c3ecc16617/arderial_lady_of_the_sky.jpg
Strag's Claws,Underneath,Relic,Nightmare's Dawn,2,underneath_strags_claws.jpg,https://images.squarespace-cdn.com/content/v1/66f0d369bee947347e4513a0/726ee2fb-bea0-49a1-bb75-92daa98f7fb7/underneath_strags_claws.jpg
T'kanzam,Paradwyn,Creature,Nightmare's Dawn,4,paradwyn_tkanzam.jpg,https://images.squarespace-cdn.com/content/v1/66f0d369bee947347e4513a0/700d1b1f-43e4-436d-8591-b7c71d5c63c3/paradwyn_tkanzam.jpg
Keggerop,Bograth,Magi,Nightmare's Dawn,14,bograth_keggerop.jpg,https://images.squarespace-cdn.com/content/v1/66f0d369bee947347e4513a0/6b29ec04-52c4-4eb0-8180-0ab7aa450ec9/bograth_keggerop.jpg
Bog Stone,Bograth,Relic,Nightmare's Dawn,0,bograth_bog_stone.jpg,https://images.squarespace-cdn.com/content/v1/66f0d369bee947347e4513a0/6a1b1b5e-5d3d-48bd-b73e-7d55445aa146/bograth_bog_stone.jpg
Alpine Xamf,Kybar's Teeth,Creature,Nightmare's Dawn,6,kybars_teeth_alpine_xamf.jpg,https://images.squarespace-cdn.com/content/v1/66f0d369bee947347e4513a0/69a1a487-24fd-4413-acb5-2679449dd840/kybars_teeth_alpine_xamf.jpg
Alpine Xamf,Naroom,Creature,Nightmare's Dawn,6,kybars_teeth_alpine_xamf.jpg,https://images.squarespace-cdn.com/content/v1/66f0d369bee947347e4513a0/69a1a487-24fd-4413-acb5-2679449dd840/kybars_teeth_alpine_xamf.jpg
Taisa,Paradwyn,Magi,Nightmare's Dawn,15,paradwyn_taisa.jpg,https://images.squarespace-cdn.com/content/v1/66f0d369bee947347e4513a0/671f06f8-b101-4c21-9e59-1ac96a880c04/paradwyn_taisa.jpg
Taisa,Weave,Magi,Nightmare's Dawn,15,paradwyn_taisa.jpg,https://images.squarespace-cdn.com/content/v1/66f0d369bee947347e4513a0/671f06f8-b101-4c21-9e59-1ac96a880c04/paradwyn_taisa.jpg
Liriel,Paradwyn,Magi,Nightmare's Dawn,12,paradwyn_liriel.jpg,https://images.squarespace-cdn.com/content/v1/66f0d369bee947347e4513a0/667b7723-d1d6-4892-b564-f044a1afa30d/paradwyn_liriel.jpg
Trulb,Bograth,Creature,Nightmare's Dawn,1,bograth_trulb.jpg,https://images.squarespace-cdn.com/content/v1/66f0d369bee947347e4513a0/643d91bf-cc21-4e4c-8136-d8db3b16733b/bograth_trulb.jpg
Ookami's Drums,Paradwyn,Relic,Nightmare's Dawn,0,paradwyn_ookamis_drums.jpg,https://images.squarespace-cdn.com/content/v1/66f0d369bee947347e4513a0/64398bc8-2b25-4be9-bbc2-4038201aa45a/paradwyn_ookamis_drums.jpg
Ookami,Paradwyn,Magi,Nightmare's Dawn,14,paradwyn_ookami.jpg,https://images.squarespace-cdn.com/content/v1/66f0d369bee947347e4513a0/6428e2df-5445-49b9-958a-6db43256c728/paradwyn_ookami.jpg
Tomes of the Great Library,Core,Relic,Nightmare's Dawn,2,core_tomes_of_the_.jpg,https://images.squarespace-cdn.com/content/v1/66f0d369bee947347e4513a0/6328d322-ff20-4849-8243-bebf2f0129d0/core_tomes_of_the_.jpg
Bog Wellisk,Bograth,Creature,Nightmare's Dawn,3,bograth_bog_wellisk.jpg,https://images.squarespace-cdn.com/content/v1/66f0d369bee947347e4513a0/6287af10-5927-4601-b61f-ea489a595dcf/bograth_bog_wellisk.jpg
Bog Wellisk,Orothe,Creature,Nightmare's Dawn,3,bograth_bog_wellisk.jpg,https://images.squarespace-cdn.com/content/v1/66f0d369bee947347e4513a0/6287af10-5927-4601-b61f-ea489a595dcf/bograth_bog_wellisk.jpg
Zungg,Bograth,Creature,Nightmare's Dawn,1,bograth_zungg.jpg,https://images.squarespace-cdn.com/content/v1/66f0d369bee947347e4513a0/5c775e53-11b1-49fe-bd3c-a75d6e391112/bograth_zungg.jpg
Zungg,Core,Creature,Nightmare's Dawn,1,bograth_zungg.jpg,https://images.squarespace-cdn.com/content/v1/66f0d369bee947347e4513a0/5c775e53-11b1-49fe-bd3c-a75d6e391112/bograth_zungg.jpg
Froxfire,Paradwyn,Spell,Nightmare's Dawn,5,paradwyn_froxfire.jpg,https://images.squarespace-cdn.com/content/v1/66f0d369bee947347e4513a0/5c4169d5-2e77-4b7a-b7c2-16adf7edd66f/paradwyn_froxfire.jpg
Rock Yajo,Kybar's Teeth,Creature,Nightmare's Dawn,2,kybars_teeth_rock_yajo.jpg,https://images.squarespace-cdn.com/content/v1/66f0d369bee947347e4513a0/5c0f375e-75d4-499b-98d6-3f3997dd4f4f/kybars_teeth_rock_yajo.jpg
Rock Yajo,Weave,Creature,Nightmare's Dawn,2,kybars_teeth_rock_yajo.jpg,https://images.squarespace-cdn.com/content/v1/66f0d369bee947347e4513a0/5c0f375e-75d4-499b-98d6-3f3997dd4f4f/kybars_teeth_rock_yajo.jpg
Mydra Swarm,Bograth,Spell,Nightmare's Dawn,2,bograth_mydra_swarm.jpg,https://images.squarespace-cdn.com/content/v1/66f0d369bee947347e4513a0/5bf111c9-10b0-4175-99fa-7d1cab4eef00/bograth_mydra_swarm.jpg
Mydra Swarm,Paradwyn,Spell,Nightmare's Dawn,2,bograth_mydra_swarm.jpg,https://images.squarespace-cdn.com/content/v1/66f0d369bee947347e4513a0/5bf111c9-10b0-4175-99fa-7d1cab4eef00/bograth_mydra_swarm.jpg
Slarnath,Bograth,Creature,Nightmare's Dawn,3,bograth_slarnath.jpg,https://images.squarespace-cdn.com/content/v1/66f0d369bee947347e4513a0/5bb7cc54-718b-40d4-99dd-c9e4dc3d5cb3/bograth_slarnath.jpg
Chasm Jile,d'Resh,Creature,Nightmare's Dawn,3,dresh_chasm_jile.jpg,https://images.squarespace-cdn.com/content/v1/66f0d369bee947347e4513a0/5b0946a5-ce31-4c28-b8c3-05e9171d5294/dresh_chasm_jile.jpg
Chasm Jile,Weave,Creature,Nightmare's Dawn,3,dresh_chasm_jile.jpg,https://images.squarespace-cdn.com/content/v1/66f0d369bee947347e4513a0/5b0946a5-ce31-4c28-b8c3-05e9171d5294/dresh_chasm_jile.jpg
Tomes of the Great Library,Naroom,Relic,Nightmare's Dawn,2,naroom_tomes_of_the_.jpg,https://images.squarespace-cdn.com/content/v1/66f0d369bee947347e4513a0/5afd0c01-58ff-48ec-9fc9-3a87957f109d/naroom_tomes_of_the_.jpg
Inyx,Paradwyn,Creature,Nightmare's Dawn,8,paradwyn_inyx.jpg,https://images.squarespace-cdn.com/content/v1/66f0d369bee947347e4513a0/5a4639d9-5fae-4f14-80af-0a5a8168c89f/paradwyn_inyx.jpg
Woot!,Naroom,Magi,Nightmare's Dawn,15,naroom_woot.jpg,https://images.squarespace-cdn.com/content/v1/66f0d369bee947347e4513a0/59a67a0f-84ee-42b8-81c2-1c0fddef9a2e/naroom_woot.jpg
Zungg Swarm,Bograth,Spell,Nightmare's Dawn,6,bograth_zungg_swarm.jpg,https://images.squarespace-cdn.com/content/v1/66f0d369bee947347e4513a0/591d6ae1-ec25-4a2e-8fc0-a7f00c41e331/bograth_zungg_swarm.jpg
Bagala Fangs,Paradwyn,Relic,Nightmare's Dawn,0,paradwyn_bagala_fangs.jpg,https://images.squarespace-cdn.com/content/v1/66f0d369bee947347e4513a0/58ad1567-ac04-4b09-8dcd-4f864f2a072f/paradwyn_bagala_fangs.jpg
"Fossik, Ringsmith",Underneath,Magi,Nightmare's Dawn,12,underneath_fossik_ri.jpg,https://images.squarespace-cdn.com/content/v1/66f0d369bee947347e4513a0/562b639a-d65a-4e92-acc5-536c31527dcd/underneath_fossik_ri.jpg
Brog,Bograth,Magi,Nightmare's Dawn,14,bograth_brog.jpg,https://images.squarespace-cdn.com/content/v1/66f0d369bee947347e4513a0/55896343-268e-4af6-903a-bcb7061300b6/bograth_brog.jpg
Heart of Paradise,Bograth,Relic,Nightmare's Dawn,0,paradwyn_heart_of_paradise.jpg,https://images.squarespace-cdn.com/content/v1/66f0d369bee947347e4513a0/54de54d5-e21f-4710-8348-062986634725/paradwyn_heart_of_paradise.jpg
Heart of Paradise,Paradwyn,Relic,Nightmare's Dawn,0,paradwyn_heart_of_paradise.jpg,https://images.squarespace-cdn.com/content/v1/66f0d369bee947347e4513a0/54de54d5-e21f-4710-8348-062986634725/paradwyn_heart_of_paradise.jpg
Chaos Flugg,Core,Creature,Nightmare's Dawn,6,core_chaos_flugg.jpg,https://images.squarespace-cdn.com/content/v1/66f0d369bee947347e4513a0/53cb08fb-a154-46e6-bab1-72cc4a9017ac/core_chaos_flugg.jpg
Defender of the Sky,Arderial,Magi,Nightmare's Dawn,10,arderial_defender_o.jpg,https://images.squarespace-cdn.com/content/v1/66f0d369bee947347e4513a0/518922ef-3098-4dc4-8d95-11befe7384f1/arderial_defender_o.jpg
Arawan,Paradwyn,Magi,Nightmare's Dawn,11,paradwyn_arawan.jpg,https://images.squarespace-cdn.com/content/v1/66f0d369bee947347e4513a0/50d29823-6edf-40f9-be04-1767b1acc105/paradwyn_arawan.jpg
Bloom,Paradwyn,Spell,Nightmare's Dawn,1,paradwyn_bloom.jpg,https://images.squarespace-cdn.com/content/v1/66f0d369bee947347e4513a0/5022f7b0-0ab3-4a34-b16f-78eb9ca333ac/paradwyn_bloom.jpg
Curse of the Abaquist,Paradwyn,Spell,Nightmare's Dawn,4,paradwyn_curse_of_the.jpg,https://images.squarespace-cdn.com/content/v1/66f0d369bee947347e4513a0/4ee6cdbd-30f1-4f12-bd64-f2aba24417c9/paradwyn_curse_of_the.jpg
Spray Narth,Arderial,Creature,Nightmare's Dawn,3,arderial_spray_narth.jpg,https://images.squarespace-cdn.com/content/v1/66f0d369bee947347e4513a0/4dfd615b-006d-4657-aded-1c520079767e/arderial_spray_narth.jpg
Spray Narth,Orothe,Creature,Nightmare's Dawn,3,arderial_spray_narth.jpg,https://images.squarespace-cdn.com/content/v1/66f0d369bee947347e4513a0/4dfd615b-006d-4657-aded-1c520079767e/arderial_spray_narth.jpg
Kioko,Paradwyn,Magi,Nightmare's Dawn,15,paradwyn_kioko.jpg,https://images.squarespace-cdn.com/content/v1/66f0d369bee947347e4513a0/4d3f1867-b327-48cf-8432-255b3f2e96df/paradwyn_kioko.jpg
Moob,Bograth,Creature,Nightmare's Dawn,1,bograth_moob.jpg,https://images.squarespace-cdn.com/content/v1/66f0d369bee947347e4513a0/4c7edaec-ca83-4f17-9ca6-34f230870d1e/bograth_moob.jpg
Rala Tail,Paradwyn,Relic,Nightmare's Dawn,0,paradwyn_rala_tail.jpg,https://images.squarespace-cdn.com/content/v1/66f0d369bee947347e4513a0/4afcdb7a-b111-4db5-92b9-24956ca92d44/paradwyn_rala_tail.jpg
Shard of the Great Fossil,Kybar's Teeth,Relic,Nightmare's Dawn,2,kybars_teeth_shard.jpg,https://images.squarespace-cdn.com/content/v1/66f0d369bee947347e4513a0/4af6605f-db9a-4eb6-8f5e-b9f8f42a40dd/kybars_teeth_shard.jpg
Great Pool of Wisdom,Bograth,Relic,Nightmare's Dawn,0,bograth_great_pool_.jpg,https://images.squarespace-cdn.com/content/v1/66f0d369bee947347e4513a0/46686dff-6ce2-41e6-b384-f32d3aa46bd9/bograth_great_pool_.jpg
Crushing Stench,Bograth,Spell,Nightmare's Dawn,4,bograth_crushing_stench.jpg,https://images.squarespace-cdn.com/content/v1/66f0d369bee947347e4513a0/460bcde9-90ad-4744-9cdf-be3c558f2e95/bograth_crushing_stench.jpg
Shaper's Apprentice,Orothe,Magi,Nightmare's Dawn,12,orothe_shapers.jpg,https://images.squarespace-cdn.com/content/v1/66f0d369bee947347e4513a0/460b221f-0057-423f-84f6-61c6e4df8ece/orothe_shapers.jpg
Bolobog,Bograth,Creature,Nightmare's Dawn,1,bograth_bolobog.jpg,https://images.squarespace-cdn.com/content/v1/66f0d369bee947347e4513a0/453c1b1e-7590-4eb0-82a5-d359a63a5341/bograth_bolobog.jpg
Firestorm Orish,Arderial,Creature,Nightmare's Dawn,5,arderial_firestorm_orish.jpg,https://images.squarespace-cdn.com/content/v1/66f0d369bee947347e4513a0/42aad20e-8d8c-4280-9444-649430372a24/arderial_firestorm_orish.jpg
Firestorm Orish,Cald,Creature,Nightmare's Dawn,5,arderial_firestorm_orish.jpg,https://images.squarespace-cdn.com/content/v1/66f0d369bee947347e4513a0/42aad20e-8d8c-4280-9444-649430372a24/arderial_firestorm_orish.jpg
Obgren,Bograth,Magi,Nightmare's Dawn,12,bograth_obgren.jpg,https://images.squarespace-cdn.com/content/v1/66f0d369bee947347e4513a0/3dc5dfb5-606e-4239-8072-3281337cff1c/bograth_obgren.jpg
Dasia,Paradwyn,Creature,Nightmare's Dawn,1,paradwyn_dasia.jpg,https://images.squarespace-cdn.com/content/v1/66f0d369bee947347e4513a0/3cbf23f7-b3e9-4782-9c88-7098eb002cd2/paradwyn_dasia.jpg
Dasia,Weave,Creature,Nightmare's Dawn,1,paradwyn_dasia.jpg,https://images.squarespace-cdn.com/content/v1/66f0d369bee947347e4513a0/3cbf23f7-b3e9-4782-9c88-7098eb002cd2/paradwyn_dasia.jpg
Quido Swarm,Bograth,Creature,Nightmare's Dawn,X,bograth_quido_swarm.jpg,https://images.squarespace-cdn.com/content/v1/66f0d369bee947347e4513a0/3cb198fb-9353-47ed-bc94-ada51f3e89d9/bograth_quido_swarm.jpg
Quido Swarm,Paradwyn,Creature,Nightmare's Dawn,X,bograth_quido_swarm.jpg,https://images.squarespace-cdn.com/content/v1/66f0d369bee947347e4513a0/3cb198fb-9353-47ed-bc94-ada51f3e89d9/bograth_quido_swarm.jpg
Brushfire,Cald,Spell,Nightmare's Dawn,2,cald_brushfire.jpg,https://images.squarespace-cdn.com/content/v1/66f0d369bee947347e4513a0/3c3a7601-0577-4a32-afe4-cb2ed2b26517/cald_brushfire.jpg
Brushfire,Weave,Spell,Nightmare's Dawn,2,cald_brushfire.jpg,https://images.squarespace-cdn.com/content/v1/66f0d369bee947347e4513a0/3c3a7601-0577-4a32-afe4-cb2ed2b26517/cald_brushfire.jpg
Baby Furok,Naroom,Creature,Nightmare's Dawn,2,naroom_baby_furok.jpg,https://images.squarespace-cdn.com/content/v1/66f0d369bee947347e4513a0/39f56063-f40c-4168-90ce-6d6694c1b3db/naroom_baby_furok.jpg
Baby Furok,Weave,Creature,Nightmare's Dawn,2,naroom_baby_furok.jpg,https://images.squarespace-cdn.com/content/v1/66f0d369bee947347e4513a0/39f56063-f40c-4168-90ce-6d6694c1b3db/naroom_baby_furok.jpg
Poison Baloo Root,Bograth,Creature,Nightmare's Dawn,4,bograth_poison_baloo_root.jpg,https://images.squarespace-cdn.com/content/v1/66f0d369bee947347e4513a0/39b225c9-df58-4c22-9076-498996237d27/bograth_poison_baloo_root.jpg
Poison Baloo Root,Paradwyn,Creature,Nightmare's Dawn,4,bograth_poison_baloo_root.jpg,https://images.squarespace-cdn.com/content/v1/66f0d369bee947347e4513a0/39b225c9-df58-4c22-9076-498996237d27/bograth_poison_baloo_root.jpg
Hurricane Orish,Arderial,Creature,Nightmare's Dawn,5,arderial_hurricane_orish.jpg,https://images.squarespace-cdn.com/content/v1/66f0d369bee947347e4513a0/39ac8941-3f84-401a-90a5-65f922fd9308/arderial_hurricane_orish.jpg
Hurricane Orish,Orothe,Creature,Nightmare's Dawn,5,arderial_hurricane_orish.jpg,https://images.squarespace-cdn.com/content/v1/66f0d369bee947347e4513a0/39ac8941-3f84-401a-90a5-65f922fd9308/arderial_hurricane_orish.jpg
Gorran,Bograth,Magi,Nightmare's Dawn,19,bograth_gorran.jpg,https://images.squarespace-cdn.com/content/v1/66f0d369bee947347e4513a0/3999b198-6a63-49d8-a59a-a560a3dc4918/bograth_gorran.jpg
Creeping Chill,Bograth,Spell,Nightmare's Dawn,2,bograth_creeping_chill.jpg,https://images.squarespace-cdn.com/content/v1/66f0d369bee947347e4513a0/395fb3e6-1877-4c98-bc96-3ff29e91995d/bograth_creeping_chill.jpg
Creeping Chill,Kybar's Teeth,Spell,Nightmare's Dawn,2,bograth_creeping_chill.jpg,https://images.squarespace-cdn.com/content/v1/66f0d369bee947347e4513a0/395fb3e6-1877-4c98-bc96-3ff29e91995d/bograth_creeping_chill.jpg
Great Throne Mushrooms,Bograth,Relic,Nightmare's Dawn,1,bograth_the_great_t.jpg,https://images.squarespace-cdn.com/content/v1/66f0d369bee947347e4513a0/37e49e0d-9995-47a1-8ee8-97473020436f/bograth_the_great_t.jpg
Khisp,Paradwyn,Creature,Nightmare's Dawn,5,paradwyn_khisp.jpg,https://images.squarespace-cdn.com/content/v1/66f0d369bee947347e4513a0/37449f92-9b51-495c-8037-75580f677977/paradwyn_khisp.jpg
Ardonia,Paradwyn,Magi,Nightmare's Dawn,13,paradwyn_ardonia.jpg,https://images.squarespace-cdn.com/content/v1/66f0d369bee947347e4513a0/360c10ac-fa29-478f-af61-fafdf839cb9e/paradwyn_ardonia.jpg
Cleansing,Kybar's Teeth,Spell,Nightmare's Dawn,1,kybars_teeth_cleansing.jpg,https://images.squarespace-cdn.com/content/v1/66f0d369bee947347e4513a0/35ad7bc8-0308-45c7-b8a1-c0986f9e0c15/kybars_teeth_cleansing.jpg
Cleansing,Underneath,Spell,Nightmare's Dawn,1,kybars_teeth_cleansing.jpg,https://images.squarespace-cdn.com/content/v1/66f0d369bee947347e4513a0/35ad7bc8-0308-45c7-b8a1-c0986f9e0c15/kybars_teeth_cleansing.jpg
Sand Hyren,d'Resh,Creature,Nightmare's Dawn,7,dresh_sand_hyren.jpg,https://images.squarespace-cdn.com/content/v1/66f0d369bee947347e4513a0/358146da-b8d9-4b8f-95e7-7f0f356d106b/dresh_sand_hyren.jpg
N'kala,Bograth,Creature,Nightmare's Dawn,3,bograth_nkala.jpg,https://images.squarespace-cdn.com/content/v1/66f0d369bee947347e4513a0/34a1fbda-866f-4c9a-a18b-55d3cbc7fc9f/bograth_nkala.jpg
N'kala,Paradwyn,Creature,Nightmare's Dawn,3,bograth_nkala.jpg,https://images.squarespace-cdn.com/content/v1/66f0d369bee947347e4513a0/34a1fbda-866f-4c9a-a18b-55d3cbc7fc9f/bograth_nkala.jpg
Swamp Hyren,Bograth,Creature,Nightmare's Dawn,8,bograth_swamp_hyren.jpg,https://images.squarespace-cdn.com/content/v1/66f0d369bee947347e4513a0/347264ca-5cf5-4a17-9fa1-97cda5264358/bograth_swamp_hyren.jpg
Sneak Attack,Bograth,Spell,Nightmare's Dawn,3,bograth_sneak_attack.jpg,https://images.squarespace-cdn.com/content/v1/66f0d369bee947347e4513a0/342afd1a-0421-46d7-ab23-c6a0aeb3fd31/bograth_sneak_attack.jpg
Sneak Attack,Paradwyn,Spell,Nightmare's Dawn,3,bograth_sneak_attack.jpg,https://images.squarespace-cdn.com/content/v1/66f0d369bee947347e4513a0/342afd1a-0421-46d7-ab23-c6a0aeb3fd31/bograth_sneak_attack.jpg
Crushing Roots,Naroom,Spell,Nightmare's Dawn,4,naroom_crushing_roots.jpg,https://images.squarespace-cdn.com/content/v1/66f0d369bee947347e4513a0/3398e387-cbf6-48b1-96f9-7436b90eef7f/naroom_crushing_roots.jpg
Statement of Core Values,Bograth,Relic,Nightmare's Dawn,2,bograth_statement_o.jpg,https://images.squarespace-cdn.com/content/v1/66f0d369bee947347e4513a0/32a942ea-40bf-42e0-8564-ca67ebc994ba/bograth_statement_o.jpg
Ooze Arboll,Bograth,Creature,Nightmare's Dawn,2,bograth_ooze_arboll.jpg,https://images.squarespace-cdn.com/content/v1/66f0d369bee947347e4513a0/31155994-695c-4840-a8de-731f6eb5a72d/bograth_ooze_arboll.jpg
Corathan,Core,Creature,Nightmare's Dawn,5,core_corathan.jpg,https://images.squarespace-cdn.com/content/v1/66f0d369bee947347e4513a0/30bd0914-37b0-416b-a779-6618cde194ef/core_corathan.jpg
Tropical Hyren,Paradwyn,Creature,Nightmare's Dawn,6,paradwyn_tropical_hyren.jpg,https://images.squarespace-cdn.com/content/v1/66f0d369bee947347e4513a0/2f758fc5-22ce-46d7-a1c1-a6b60240d65e/paradwyn_tropical_hyren.jpg
Stalk,Paradwyn,Spell,Nightmare's Dawn,1,paradwyn_stalk.jpg,https://images.squarespace-cdn.com/content/v1/66f0d369bee947347e4513a0/2e3acf84-67fa-409d-bd9c-5daee5ec12a4/paradwyn_stalk.jpg
Crushing Growth,Weave,Spell,Nightmare's Dawn,4,weave_crushing_growth.jpg,https://images.squarespace-cdn.com/content/v1/66f0d369bee947347e4513a0/2bd6e94b-2b14-4590-afd6-dece8b88f4c5/weave_crushing_growth.jpg
Crushing Surf,Orothe,Spell,Nightmare's Dawn,4,orothe_crushing_surf.jpg,https://images.squarespace-cdn.com/content/v1/66f0d369bee947347e4513a0/2b9d0434-fea8-46f0-b0e1-efa9284d9e4a/orothe_crushing_surf.jpg
Galiant,Arderial,Creature,Nightmare's Dawn,6,arderial_galiant.jpg,https://images.squarespace-cdn.com/content/v1/66f0d369bee947347e4513a0/2b3cc546-1bba-4418-9c50-5ca731967128/arderial_galiant.jpg
Galiant,Kybar's Teeth,Creature,Nightmare's Dawn,6,arderial_galiant.jpg,https://images.squarespace-cdn.com/content/v1/66f0d369bee947347e4513a0/2b3cc546-1bba-4418-9c50-5ca731967128/arderial_galiant.jpg
Yricho,Paradwyn,Magi,Nightmare's Dawn,16,paradwyn_yricho.jpg,https://images.squarespace-cdn.com/content/v1/66f0d369bee947347e4513a0/28ae3a57-3f5c-4e47-9567-d3e6a27973b0/paradwyn_yricho.jpg
Taglat,Bograth,Creature,Nightmare's Dawn,5,bograth_taglat.jpg,https://images.squarespace-cdn.com/content/v1/66f0d369bee947347e4513a0/287f1fa2-8d86-49b6-961e-3c06555e713b/bograth_taglat.jpg
Taglat,Paradwyn,Creature,Nightmare's Dawn,5,bograth_taglat.jpg,https://images.squarespace-cdn.com/content/v1/66f0d369bee947347e4513a0/287f1fa2-8d86-49b6-961e-3c06555e713b/bograth_taglat.jpg
Blade Hyren,Weave,Creature,Nightmare's Dawn,10,weave_blade_hyren.jpg,https://images.squarespace-cdn.com/content/v1/66f0d369bee947347e4513a0/281e8d96-608e-410e-bd13-a0ed7e60dfe2/weave_blade_hyren.jpg
Focus,Universal,Spell,Nightmare's Dawn,3,universal_focus.jpg,https://images.squarespace-cdn.com/content/v1/66f0d369bee947347e4513a0/27f513bb-7815-44e0-9023-d72db412f9a4/universal_focus.jpg
Curse of the Abaquist,Orothe,Spell,Nightmare's Dawn,4,orothe_curse_of_the.jpg,https://images.squarespace-cdn.com/content/v1/66f0d369bee947347e4513a0/2787dded-d075-4110-8318-8a22a971a76a/orothe_curse_of_the.jpg
Magma Parmalag,Cald,Creature,Nightmare's Dawn,4,cald_magma_parmalag.jpg,https://images.squarespace-cdn.com/content/v1/66f0d369bee947347e4513a0/2778520d-9e05-455d-b8c7-2c0ae8fe3a46/cald_magma_parmalag.jpg
Magma Parmalag,Underneath,Creature,Nightmare's Dawn,4,cald_magma_parmalag.jpg,https://images.squarespace-cdn.com/content/v1/66f0d369bee947347e4513a0/2778520d-9e05-455d-b8c7-2c0ae8fe3a46/cald_magma_parmalag.jpg
Slime Stone,Bograth,Relic,Nightmare's Dawn,0,bograth_slime_stone.jpg,https://images.squarespace-cdn.com/content/v1/66f0d369bee947347e4513a0/27180e86-f875-455b-a4a9-f620eb395267/bograth_slime_stone.jpg
Slime Stone,Kybar's Teeth,Relic,Nightmare's Dawn,0,bograth_slime_stone.jpg,https://images.squarespace-cdn.com/content/v1/66f0d369bee947347e4513a0/27180e86-f875-455b-a4a9-f620eb395267/bograth_slime_stone.jpg
Ainjer Swarm,Bograth,Spell,Nightmare's Dawn,1,bograth_ainjer_swarm.jpg,https://images.squarespace-cdn.com/content/v1/66f0d369bee947347e4513a0/26a5f494-3b5c-4ea5-b733-87bfdcfd5fd5/bograth_ainjer_swarm.jpg
Saladarit,Cald,Creature,Nightmare's Dawn,6,cald_saladarit.jpg,https://images.squarespace-cdn.com/content/v1/66f0d369bee947347e4513a0/25ee23a3-5c16-4750-835f-766da495b4de/cald_saladarit.jpg
Saladarit,Orothe,Creature,Nightmare's Dawn,6,cald_saladarit.jpg,https://images.squarespace-cdn.com/content/v1/66f0d369bee947347e4513a0/25ee23a3-5c16-4750-835f-766da495b4de/cald_saladarit.jpg
Tar Hyren,Bograth,Creature,Nightmare's Dawn,6,bograth_tar_hyren.jpg,https://images.squarespace-cdn.com/content/v1/66f0d369bee947347e4513a0/25eb2b92-719c-48eb-acc4-8f10c35da152/bograth_tar_hyren.jpg
Tar Hyren,Core,Creature,Nightmare's Dawn,6,bograth_tar_hyren.jpg,https://images.squarespace-cdn.com/content/v1/66f0d369bee947347e4513a0/25eb2b92-719c-48eb-acc4-8f10c35da152/bograth_tar_hyren.jpg
Tunnel Parmalag,Kybar's Teeth,Creature,Nightmare's Dawn,8,kybars_teeth_tunnel.jpg,https://images.squarespace-cdn.com/content/v1/66f0d369bee947347e4513a0/24c536ee-4a39-4132-b511-780e3fb85f67/kybars_teeth_tunnel.jpg
Jungle Hyren,Paradwyn,Creature,Nightmare's Dawn,8,jungle_hyren.jpg,https://images.squarespace-cdn.com/content/v1/66f0d369bee947347e4513a0/249cc893-b933-4e8e-b574-033aee720543/paradwyn_jungle_hyren.jpg
Bagala Cub,Paradwyn,Creature,Nightmare's Dawn,3,paradwyn_bagala_cub.jpg,https://images.squarespace-cdn.com/content/v1/66f0d369bee947347e4513a0/24653443-0933-4de9-befc-5ac46849006f/paradwyn_bagala_cub.jpg
Seaweed Lascinth,Orothe,Creature,Nightmare's Dawn,5,orothe_seaweed_lascinth.jpg,https://images.squarespace-cdn.com/content/v1/66f0d369bee947347e4513a0/23b93ec2-e1ca-443f-b1a7-47a44b2f7067/orothe_seaweed_lascinth.jpg
Seaweed Lascinth,Weave,Creature,Nightmare's Dawn,5,orothe_seaweed_lascinth.jpg,https://images.squarespace-cdn.com/content/v1/66f0d369bee947347e4513a0/23b93ec2-e1ca-443f-b1a7-47a44b2f7067/orothe_seaweed_lascinth.jpg
Flame Rudwot,Cald,Creature,Nightmare's Dawn,4,cald_flame_rudwot.jpg,https://images.squarespace-cdn.com/content/v1/66f0d369bee947347e4513a0/22651158-fa8d-49b1-9640-749c39922359/cald_flame_rudwot.jpg
Flame Rudwot,Naroom,Creature,Nightmare's Dawn,4,cald_flame_rudwot.jpg,https://images.squarespace-cdn.com/content/v1/66f0d369bee947347e4513a0/22651158-fa8d-49b1-9640-749c39922359/cald_flame_rudwot.jpg
Blygt,Bograth,Magi,Nightmare's Dawn,13,bograth_blygt.jpg,https://images.squarespace-cdn.com/content/v1/66f0d369bee947347e4513a0/20f62a9a-5951-4bd0-9b54-b959b0663ba0/bograth_blygt.jpg
Bagala,Paradwyn,Creature,Nightmare's Dawn,5,paradwyn_bagala.jpg,https://images.squarespace-cdn.com/content/v1/66f0d369bee947347e4513a0/1f644088-cc26-445b-845e-ff93136a9981/paradwyn_bagala.jpg
Sabertooth Jumbor,Naroom,Creature,Nightmare's Dawn,5,naroom_sabertooth_jumbor.jpg,https://images.squarespace-cdn.com/content/v1/66f0d369bee947347e4513a0/1bf5508f-befd-4949-8de0-0ba3f03b72b0/naroom_sabertooth_jumbor.jpg
Sabertooth Jumbor,Weave,Creature,Nightmare's Dawn,5,naroom_sabertooth_jumbor.jpg,https://images.squarespace-cdn.com/content/v1/66f0d369bee947347e4513a0/1bf5508f-befd-4949-8de0-0ba3f03b72b0/naroom_sabertooth_jumbor.jpg
Loaded Dice,Universal,Relic,Nightmare's Dawn,0,universal_loaded_dice.jpg,https://images.squarespace-cdn.com/content/v1/66f0d369bee947347e4513a0/1a08b074-2b6c-44b4-800a-68d6936b9976/universal_loaded_dice.jpg
Blue Yajo,Orothe,Creature,Nightmare's Dawn,6,orothe_blue_yajo.jpg,https://images.squarespace-cdn.com/content/v1/66f0d369bee947347e4513a0/198e13d9-ab24-407c-8481-4de2476c4033/orothe_blue_yajo.jpg
Blue Yajo,Weave,Creature,Nightmare's Dawn,6,orothe_blue_yajo.jpg,https://images.squarespace-cdn.com/content/v1/66f0d369bee947347e4513a0/198e13d9-ab24-407c-8481-4de2476c4033/orothe_blue_yajo.jpg
Tryn Flame-Saver,Cald,Magi,Nightmare's Dawn,12,cald_tryn_flamesaver.jpg,https://images.squarespace-cdn.com/content/v1/66f0d369bee947347e4513a0/19673eb1-9ce6-4d98-9e14-c76f7319bccd/cald_tryn_flamesaver.jpg
Tryn Flame-Saver,Naroom,Magi,Nightmare's Dawn,12,cald_tryn_flamesaver.jpg,https://images.squarespace-cdn.com/content/v1/66f0d369bee947347e4513a0/19673eb1-9ce6-4d98-9e14-c76f7319bccd/cald_tryn_flamesaver.jpg
All-High King Korg,Bograth,Magi,Nightmare's Dawn,24,bograth_allhigh_king_korg.jpg,https://images.squarespace-cdn.com/content/v1/66f0d369bee947347e4513a0/191fc59b-6c82-42a7-abd3-12689dd2d731/bograth_allhigh_king_korg.jpg
All-High King Korg,Core,Magi,Nightmare's Dawn,24,bograth_allhigh_king_korg.jpg,https://images.squarespace-cdn.com/content/v1/66f0d369bee947347e4513a0/191fc59b-6c82-42a7-abd3-12689dd2d731/bograth_allhigh_king_korg.jpg
Crushing Darkness,Core,Spell,Nightmare's Dawn,4,core_crushing_darkness.jpg,https://images.squarespace-cdn.com/content/v1/66f0d369bee947347e4513a0/1910deaa-a7d1-458f-bbd1-0dee80fab115/core_crushing_darkness.jpg
Emlob,Bograth,Magi,Nightmare's Dawn,13,bograth_emlob.jpg,https://images.squarespace-cdn.com/content/v1/66f0d369bee947347e4513a0/190d9498-cac9-42b1-9542-809a149b6a95/bograth_emlob.jpg
Inhibitor Band,Universal,Relic,Nightmare's Dawn,0,universal_inhibitor_band.jpg,https://images.squarespace-cdn.com/content/v1/66f0d369bee947347e4513a0/17d43ce9-7001-4584-8694-a68fecba77e5/universal_inhibitor_band.jpg
Yog,Bograth,Magi,Nightmare's Dawn,15,bograth_yog.jpg,https://images.squarespace-cdn.com/content/v1/66f0d369bee947347e4513a0/1551512a-b047-4e40-b3c3-71c8130cc883/bograth_yog.jpg
Tropical Vinoc,Paradwyn,Creature,Nightmare's Dawn,4,paradwyn_tropical_vinoc.jpg,https://images.squarespace-cdn.com/content/v1/66f0d369bee947347e4513a0/14ec82fa-16c2-4772-9ac7-ffe2e62de797/paradwyn_tropical_vinoc.jpg
Scarletsong's Trill,Paradwyn,Spell,Nightmare's Dawn,2,paradwyn_scarletsongs_trill.jpg,https://images.squarespace-cdn.com/content/v1/66f0d369bee947347e4513a0/14bef19e-78f0-4ac1-9f24-1fca44b8d7f9/paradwyn_scarletsongs_trill.jpg
Olabra,Bograth,Magi,Nightmare's Dawn,16,bograth_olabra.jpg,https://images.squarespace-cdn.com/content/v1/66f0d369bee947347e4513a0/13b42b42-6218-44fb-9899-7a5607455a73/bograth_olabra.jpg
Korok,Kybar's Teeth,Magi,Nightmare's Dawn,16,kybars_teeth_korok.jpg,https://images.squarespace-cdn.com/content/v1/66f0d369bee947347e4513a0/11bdc9db-8f65-49f5-b682-74c64a5d2272/kybars_teeth_korok.jpg
Good Ol' Ashgar,Cald,Magi,Nightmare's Dawn,12,cald_good_ol_ashgar.jpg,https://images.squarespace-cdn.com/content/v1/66f0d369bee947347e4513a0/0f75dd3f-ed3c-4b7d-be1e-8f782f23a17b/cald_good_ol_ashgar.jpg
Sand Strands,d'Resh,Relic,Nightmare's Dawn,0,dresh_sand_strands.jpg,https://images.squarespace-cdn.com/content/v1/66f0d369bee947347e4513a0/0f3df8c2-a713-44a1-8216-da76cdcebf63/dresh_sand_strands.jpg
Sand Strands,Weave,Relic,Nightmare's Dawn,0,dresh_sand_strands.jpg,https://images.squarespace-cdn.com/content/v1/66f0d369bee947347e4513a0/0f3df8c2-a713-44a1-8216-da76cdcebf63/dresh_sand_strands.jpg
Grass Etiki,Paradwyn,Creature,Nightmare's Dawn,1,paradwyn_grass_etiki.jpg,https://images.squarespace-cdn.com/content/v1/66f0d369bee947347e4513a0/0e099e23-37ba-4862-b174-6b6d02172422/paradwyn_grass_etiki.jpg
Grass Etiki,Weave,Creature,Nightmare's Dawn,1,paradwyn_grass_etiki.jpg,https://images.squarespace-cdn.com/content/v1/66f0d369bee947347e4513a0/0e099e23-37ba-4862-b174-6b6d02172422/paradwyn_grass_etiki.jpg
Grahnna,Bograth,Magi,Nightmare's Dawn,13,bograth_grahnna.jpg,https://images.squarespace-cdn.com/content/v1/66f0d369bee947347e4513a0/0dd4c23f-7df7-467c-9acd-a39d3304ba1d/bograth_grahnna.jpg
Voice of the Storm,Orothe,Magi,Nightmare's Dawn,13,orothe_voice_of_the.jpg,https://images.squarespace-cdn.com/content/v1/66f0d369bee947347e4513a0/0da65c2c-9b1b-4430-a790-a6ec6d4256de/orothe_voice_of_the.jpg
Yaki's Gauntlets,Naroom,Relic,Nightmare's Dawn,0,naroom_yakis_gauntlets.jpg,https://images.squarespace-cdn.com/content/v1/66f0d369bee947347e4513a0/0af57bf7-80ea-4dd6-8107-1f92b5f6ed59/naroom_yakis_gauntlets.jpg
Scarletsong Hwit,Paradwyn,Creature,Nightmare's Dawn,2,paradwyn_scarletsong_hwit.jpg,https://images.squarespace-cdn.com/content/v1/66f0d369bee947347e4513a0/099f1d5a-31d8-4649-855f-630c4e02f900/paradwyn_scarletsong_hwit.jpg
Darkbreed's Minion,Core,Creature,Nightmare's Dawn,7,core_darkbreeds_minion.jpg,https://images.squarespace-cdn.com/content/v1/66f0d369bee947347e4513a0/084ddcc0-d319-4acf-8398-0cb2e3ed6bf7/core_darkbreeds_minion.jpg
Treepsh,Bograth,Creature,Nightmare's Dawn,2,bograth_treepsh.jpg,https://images.squarespace-cdn.com/content/v1/66f0d369bee947347e4513a0/07ebfdda-2088-4f1b-b24b-7e9e9e9aabc9/bograth_treepsh.jpg
Treepsh,Paradwyn,Creature,Nightmare's Dawn,2,bograth_treepsh.jpg,https://images.squarespace-cdn.com/content/v1/66f0d369bee947347e4513a0/07ebfdda-2088-4f1b-b24b-7e9e9e9aabc9/bograth_treepsh.jpg
Bazha's Pendant,Paradwyn,Relic,Nightmare's Dawn,0,paradwyn_bazhas_pendant.jpg,https://images.squarespace-cdn.com/content/v1/66f0d369bee947347e4513a0/079de4c1-970f-4f0e-ae2d-1659b05e1705/paradwyn_bazhas_pendant.jpg
Dark Cragnoc,Core,Creature,Nightmare's Dawn,12,core_dark_cragnoc.jpg,https://images.squarespace-cdn.com/content/v1/66f0d369bee947347e4513a0/074527ef-7bee-438a-807a-314ea420f76e/core_dark_cragnoc.jpg
Flame Trulb,Bograth,Creature,Nightmare's Dawn,2,bograth_flame_trulb.jpg,https://images.squarespace-cdn.com/content/v1/66f0d369bee947347e4513a0/05418d58-8bb5-4ec7-92a7-a4f43c9b64d5/bograth_flame_trulb.jpg
Flame Trulb,Cald,Creature,Nightmare's Dawn,2,bograth_flame_trulb.jpg,https://images.squarespace-cdn.com/content/v1/66f0d369bee947347e4513a0/05418d58-8bb5-4ec7-92a7-a4f43c9b64d5/bograth_flame_trulb.jpg
Vault of Knowledge Key,Orothe,Relic,Nightmare's Dawn,2,orothe_vault.jpg,https://images.squarespace-cdn.com/content/v1/66f0d369bee947347e4513a0/0522667b-8382-47a6-bf6b-5b5a4a1d80da/orothe_vault.jpg
K'teeb Cub,Naroom,Creature,Nightmare's Dawn,3,naroom_kteeb_cub.jpg,https://images.squarespace-cdn.com/content/v1/66f0d369bee947347e4513a0/03a57d3d-da88-41a8-b189-182aa78744a5/naroom_kteeb_cub.jpg
K'teeb Cub,Paradwyn,Creature,Nightmare's Dawn,3,naroom_kteeb_cub.jpg,https://images.squarespace-cdn.com/content/v1/66f0d369bee947347e4513a0/03a57d3d-da88-41a8-b189-182aa78744a5/naroom_kteeb_cub.jpg
Flying Hinko,Arderial,Creature,Nightmare's Dawn,3,arderial_flying_hinko.jpg,https://images.squarespace-cdn.com/content/v1/66f0d369bee947347e4513a0/02edc4ef-67fb-4b44-84fb-e959a1e83e4f/arderial_flying_hinko.jpg
Flying Hinko,Naroom,Creature,Nightmare's Dawn,3,arderial_flying_hinko.jpg,https://images.squarespace-cdn.com/content/v1/66f0d369bee947347e4513a0/02edc4ef-67fb-4b44-84fb-e959a1e83e4f/arderial_flying_hinko.jpg
Gift of the Weave,Weave,Relic,Nightmare's Dawn,3,weave_gift_of_the_weave.jpg,https://images.squarespace-cdn.com/content/v1/66f0d369bee947347e4513a0/028d6fed-c3b1-4c65-8a44-aa91efb02f50/weave_gift_of_the_weave.jpg
Glablit,Bograth,Creature,Nightmare's Dawn,1,bograth_glablit.jpg,https://images.squarespace-cdn.com/content/v1/66f0d369bee947347e4513a0/02734e22-17b9-41f4-aa0b-44124cfaa16d/bograth_glablit.jpg
Hand of the Sky,Arderial,Relic,Nightmare's Dawn,1,arderial_hand_of_the_sky.jpg,https://images.squarespace-cdn.com/content/v1/66f0d369bee947347e4513a0/01526035-6a03-4517-80e0-075c74c01675/arderial_hand_of_the_sky.jpg
